Program,Year,Period,Week Ending,Geo Level,State,State ANSI,St_ANSI,Ag District,Ag District Code,County,County ANSI,Cty_ANSI,Full_ANSI,Zip Code,Region,Watershed,Commodity,Data Item,Domain,Domain Category,Value
CENSUS,2007,YEAR,,COUNTY,ALABAMA,1,1,BLACK BELT,40,BULLOCK,11,11,1011,,,,PEANUTS,"PEANUTS - PRODUCTION, MEASURED IN LB",TOTAL,NOT SPECIFIED,"406,560"
CENSUS,2007,YEAR,,COUNTY,ALABAMA,1,1,BLACK BELT,40,DALLAS,47,47,1047,,,,PEANUTS,"PEANUTS - PRODUCTION, MEASURED IN LB",TOTAL,NOT SPECIFIED,"7,615,666"
CENSUS,2007,YEAR,,COUNTY,ALABAMA,1,1,BLACK BELT,40,ELMORE,51,51,1051,,,,PEANUTS,"PEANUTS - PRODUCTION, MEASURED IN LB",TOTAL,NOT SPECIFIED, (D)
CENSUS,2007,YEAR,,COUNTY,ALABAMA,1,1,BLACK BELT,40,HALE,65,65,1065,,,,PEANUTS,"PEANUTS - PRODUCTION, MEASURED IN LB",TOTAL,NOT SPECIFIED, (D)
CENSUS,2007,YEAR,,COUNTY,ALABAMA,1,1,BLACK BELT,40,LOWNDES,85,85,1085,,,,PEANUTS,"PEANUTS - PRODUCTION, MEASURED IN LB",TOTAL,NOT SPECIFIED, (D)
CENSUS,2007,YEAR,,COUNTY,ALABAMA,1,1,BLACK BELT,40,MACON,87,87,1087,,,,PEANUTS,"PEANUTS - PRODUCTION, MEASURED IN LB",TOTAL,NOT SPECIFIED,"3,030,500"
CENSUS,2007,YEAR,,COUNTY,ALABAMA,1,1,COASTAL PLAINS & GULF COAST,50,BALDWIN,3,3,1003,,,,PEANUTS,"PEANUTS - PRODUCTION, MEASURED IN LB",TOTAL,NOT SPECIFIED,"76,466,913"
CENSUS,2007,YEAR,,COUNTY,ALABAMA,1,1,COASTAL PLAINS & GULF COAST,50,BUTLER,13,13,1013,,,,PEANUTS,"PEANUTS - PRODUCTION, MEASURED IN LB",TOTAL,NOT SPECIFIED, (D)
CENSUS,2007,YEAR,,COUNTY,ALABAMA,1,1,COASTAL PLAINS & GULF COAST,50,CLARKE,25,25,1025,,,,PEANUTS,"PEANUTS - PRODUCTION, MEASURED IN LB",TOTAL,NOT SPECIFIED, (D)
CENSUS,2007,YEAR,,COUNTY,ALABAMA,1,1,COASTAL PLAINS & GULF COAST,50,CONECUH,35,35,1035,,,,PEANUTS,"PEANUTS - PRODUCTION, MEASURED IN LB",TOTAL,NOT SPECIFIED,"314,625"
CENSUS,2007,YEAR,,COUNTY,ALABAMA,1,1,COASTAL PLAINS & GULF COAST,50,ESCAMBIA,53,53,1053,,,,PEANUTS,"PEANUTS - PRODUCTION, MEASURED IN LB",TOTAL,NOT SPECIFIED,"37,820,065"
CENSUS,2007,YEAR,,COUNTY,ALABAMA,1,1,COASTAL PLAINS & GULF COAST,50,MOBILE,97,97,1097,,,,PEANUTS,"PEANUTS - PRODUCTION, MEASURED IN LB",TOTAL,NOT SPECIFIED,"22,489,641"
CENSUS,2007,YEAR,,COUNTY,ALABAMA,1,1,COASTAL PLAINS & GULF COAST,50,MONROE,99,99,1099,,,,PEANUTS,"PEANUTS - PRODUCTION, MEASURED IN LB",TOTAL,NOT SPECIFIED,"15,991,801"
CENSUS,2007,YEAR,,COUNTY,ALABAMA,1,1,COASTAL PLAINS & GULF COAST,50,WASHINGTON,129,129,1129,,,,PEANUTS,"PEANUTS - PRODUCTION, MEASURED IN LB",TOTAL,NOT SPECIFIED, (D)
CENSUS,2007,YEAR,,COUNTY,ALABAMA,1,1,COASTAL PLAINS & GULF COAST,50,WILCOX,131,131,1131,,,,PEANUTS,"PEANUTS - PRODUCTION, MEASURED IN LB",TOTAL,NOT SPECIFIED, (D)
CENSUS,2007,YEAR,,COUNTY,ALABAMA,1,1,MOUNTAINS & EASTERN VALLEY,20,DE KALB,49,49,1049,,,,PEANUTS,"PEANUTS - PRODUCTION, MEASURED IN LB",TOTAL,NOT SPECIFIED, (D)
CENSUS,2007,YEAR,,COUNTY,ALABAMA,1,1,UPPER PLAINS & PIEDMONT,30,CHAMBERS,17,17,1017,,,,PEANUTS,"PEANUTS - PRODUCTION, MEASURED IN LB",TOTAL,NOT SPECIFIED, (D)
CENSUS,2007,YEAR,,COUNTY,ALABAMA,1,1,UPPER PLAINS & PIEDMONT,30,FAYETTE,57,57,1057,,,,PEANUTS,"PEANUTS - PRODUCTION, MEASURED IN LB",TOTAL,NOT SPECIFIED, (D)
CENSUS,2007,YEAR,,COUNTY,ALABAMA,1,1,UPPER PLAINS & PIEDMONT,30,LEE,81,81,1081,,,,PEANUTS,"PEANUTS - PRODUCTION, MEASURED IN LB",TOTAL,NOT SPECIFIED,"2,242,631"
CENSUS,2007,YEAR,,COUNTY,ALABAMA,1,1,WIREGRASS,60,BARBOUR,5,5,1005,,,,PEANUTS,"PEANUTS - PRODUCTION, MEASURED IN LB",TOTAL,NOT SPECIFIED,"7,091,874"
CENSUS,2007,YEAR,,COUNTY,ALABAMA,1,1,WIREGRASS,60,COFFEE,31,31,1031,,,,PEANUTS,"PEANUTS - PRODUCTION, MEASURED IN LB",TOTAL,NOT SPECIFIED,"24,390,560"
CENSUS,2007,YEAR,,COUNTY,ALABAMA,1,1,WIREGRASS,60,COVINGTON,39,39,1039,,,,PEANUTS,"PEANUTS - PRODUCTION, MEASURED IN LB",TOTAL,NOT SPECIFIED,"17,249,493"
CENSUS,2007,YEAR,,COUNTY,ALABAMA,1,1,WIREGRASS,60,CRENSHAW,41,41,1041,,,,PEANUTS,"PEANUTS - PRODUCTION, MEASURED IN LB",TOTAL,NOT SPECIFIED, (D)
CENSUS,2007,YEAR,,COUNTY,ALABAMA,1,1,WIREGRASS,60,DALE,45,45,1045,,,,PEANUTS,"PEANUTS - PRODUCTION, MEASURED IN LB",TOTAL,NOT SPECIFIED,"19,684,402"
CENSUS,2007,YEAR,,COUNTY,ALABAMA,1,1,WIREGRASS,60,GENEVA,61,61,1061,,,,PEANUTS,"PEANUTS - PRODUCTION, MEASURED IN LB",TOTAL,NOT SPECIFIED,"37,636,394"
CENSUS,2007,YEAR,,COUNTY,ALABAMA,1,1,WIREGRASS,60,HENRY,67,67,1067,,,,PEANUTS,"PEANUTS - PRODUCTION, MEASURED IN LB",TOTAL,NOT SPECIFIED,"34,352,057"
CENSUS,2007,YEAR,,COUNTY,ALABAMA,1,1,WIREGRASS,60,HOUSTON,69,69,1069,,,,PEANUTS,"PEANUTS - PRODUCTION, MEASURED IN LB",TOTAL,NOT SPECIFIED,"67,964,026"
CENSUS,2007,YEAR,,COUNTY,ALABAMA,1,1,WIREGRASS,60,PIKE,109,109,1109,,,,PEANUTS,"PEANUTS - PRODUCTION, MEASURED IN LB",TOTAL,NOT SPECIFIED,"8,286,657"
CENSUS,2007,YEAR,,COUNTY,ALABAMA,1,1,WIREGRASS,60,RUSSELL,113,113,1113,,,,PEANUTS,"PEANUTS - PRODUCTION, MEASURED IN LB",TOTAL,NOT SPECIFIED, (D)
CENSUS,2007,YEAR,,COUNTY,ARIZONA,4,4,NORTHERN,10,NAVAJO,17,17,4017,,,,PEANUTS,"PEANUTS - PRODUCTION, MEASURED IN LB",TOTAL,NOT SPECIFIED, (D)
CENSUS,2007,YEAR,,COUNTY,ARKANSAS,5,5,SOUTHEAST,90,ASHLEY,3,3,5003,,,,PEANUTS,"PEANUTS - PRODUCTION, MEASURED IN LB",TOTAL,NOT SPECIFIED, (D)
CENSUS,2007,YEAR,,COUNTY,CALIFORNIA,6,6,SAN JOAQUIN VALLEY,51,FRESNO,19,19,6019,,,,PEANUTS,"PEANUTS - PRODUCTION, MEASURED IN LB",TOTAL,NOT SPECIFIED, (D)
CENSUS,2007,YEAR,,COUNTY,CALIFORNIA,6,6,SAN JOAQUIN VALLEY,51,TULARE,107,107,6107,,,,PEANUTS,"PEANUTS - PRODUCTION, MEASURED IN LB",TOTAL,NOT SPECIFIED, (D)
CENSUS,2007,YEAR,,COUNTY,FLORIDA,12,12,CENTRAL,50,ALACHUA,1,1,12001,,,,PEANUTS,"PEANUTS - PRODUCTION, MEASURED IN LB",TOTAL,NOT SPECIFIED,"15,164,736"
CENSUS,2007,YEAR,,COUNTY,FLORIDA,12,12,CENTRAL,50,GILCHRIST,41,41,12041,,,,PEANUTS,"PEANUTS - PRODUCTION, MEASURED IN LB",TOTAL,NOT SPECIFIED, (D)
CENSUS,2007,YEAR,,COUNTY,FLORIDA,12,12,CENTRAL,50,HILLSBOROUGH,57,57,12057,,,,PEANUTS,"PEANUTS - PRODUCTION, MEASURED IN LB",TOTAL,NOT SPECIFIED, (D)
CENSUS,2007,YEAR,,COUNTY,FLORIDA,12,12,CENTRAL,50,LAKE,69,69,12069,,,,PEANUTS,"PEANUTS - PRODUCTION, MEASURED IN LB",TOTAL,NOT SPECIFIED, (D)
CENSUS,2007,YEAR,,COUNTY,FLORIDA,12,12,CENTRAL,50,LEVY,75,75,12075,,,,PEANUTS,"PEANUTS - PRODUCTION, MEASURED IN LB",TOTAL,NOT SPECIFIED,"48,885,971"
CENSUS,2007,YEAR,,COUNTY,FLORIDA,12,12,CENTRAL,50,MARION,83,83,12083,,,,PEANUTS,"PEANUTS - PRODUCTION, MEASURED IN LB",TOTAL,NOT SPECIFIED,"7,510,003"
CENSUS,2007,YEAR,,COUNTY,FLORIDA,12,12,CENTRAL,50,PUTNAM,107,107,12107,,,,PEANUTS,"PEANUTS - PRODUCTION, MEASURED IN LB",TOTAL,NOT SPECIFIED, (D)
CENSUS,2007,YEAR,,COUNTY,FLORIDA,12,12,CENTRAL,50,SUMTER,119,119,12119,,,,PEANUTS,"PEANUTS - PRODUCTION, MEASURED IN LB",TOTAL,NOT SPECIFIED, (D)
CENSUS,2007,YEAR,,COUNTY,FLORIDA,12,12,NORTHEAST,30,COLUMBIA,23,23,12023,,,,PEANUTS,"PEANUTS - PRODUCTION, MEASURED IN LB",TOTAL,NOT SPECIFIED,"6,736,600"
CENSUS,2007,YEAR,,COUNTY,FLORIDA,12,12,NORTHEAST,30,DIXIE,29,29,12029,,,,PEANUTS,"PEANUTS - PRODUCTION, MEASURED IN LB",TOTAL,NOT SPECIFIED, (D)
CENSUS,2007,YEAR,,COUNTY,FLORIDA,12,12,NORTHEAST,30,HAMILTON,47,47,12047,,,,PEANUTS,"PEANUTS - PRODUCTION, MEASURED IN LB",TOTAL,NOT SPECIFIED,"6,996,307"
CENSUS,2007,YEAR,,COUNTY,FLORIDA,12,12,NORTHEAST,30,LAFAYETTE,67,67,12067,,,,PEANUTS,"PEANUTS - PRODUCTION, MEASURED IN LB",TOTAL,NOT SPECIFIED, (D)
CENSUS,2007,YEAR,,COUNTY,FLORIDA,12,12,NORTHEAST,30,MADISON,79,79,12079,,,,PEANUTS,"PEANUTS - PRODUCTION, MEASURED IN LB",TOTAL,NOT SPECIFIED,"4,889,657"
CENSUS,2007,YEAR,,COUNTY,FLORIDA,12,12,NORTHEAST,30,SUWANNEE,121,121,12121,,,,PEANUTS,"PEANUTS - PRODUCTION, MEASURED IN LB",TOTAL,NOT SPECIFIED,"28,789,736"
CENSUS,2007,YEAR,,COUNTY,FLORIDA,12,12,NORTHWEST,10,CALHOUN,13,13,12013,,,,PEANUTS,"PEANUTS - PRODUCTION, MEASURED IN LB",TOTAL,NOT SPECIFIED,"8,261,287"
CENSUS,2007,YEAR,,COUNTY,FLORIDA,12,12,NORTHWEST,10,ESCAMBIA,33,33,12033,,,,PEANUTS,"PEANUTS - PRODUCTION, MEASURED IN LB",TOTAL,NOT SPECIFIED,"52,663,116"
CENSUS,2007,YEAR,,COUNTY,FLORIDA,12,12,NORTHWEST,10,GADSDEN,39,39,12039,,,,PEANUTS,"PEANUTS - PRODUCTION, MEASURED IN LB",TOTAL,NOT SPECIFIED,"388,000"
CENSUS,2007,YEAR,,COUNTY,FLORIDA,12,12,NORTHWEST,10,HOLMES,59,59,12059,,,,PEANUTS,"PEANUTS - PRODUCTION, MEASURED IN LB",TOTAL,NOT SPECIFIED,"7,365,287"
CENSUS,2007,YEAR,,COUNTY,FLORIDA,12,12,NORTHWEST,10,JACKSON,63,63,12063,,,,PEANUTS,"PEANUTS - PRODUCTION, MEASURED IN LB",TOTAL,NOT SPECIFIED,"79,433,273"
CENSUS,2007,YEAR,,COUNTY,FLORIDA,12,12,NORTHWEST,10,JEFFERSON,65,65,12065,,,,PEANUTS,"PEANUTS - PRODUCTION, MEASURED IN LB",TOTAL,NOT SPECIFIED,"5,605,589"
CENSUS,2007,YEAR,,COUNTY,FLORIDA,12,12,NORTHWEST,10,LIBERTY,77,77,12077,,,,PEANUTS,"PEANUTS - PRODUCTION, MEASURED IN LB",TOTAL,NOT SPECIFIED, (D)
CENSUS,2007,YEAR,,COUNTY,FLORIDA,12,12,NORTHWEST,10,OKALOOSA,91,91,12091,,,,PEANUTS,"PEANUTS - PRODUCTION, MEASURED IN LB",TOTAL,NOT SPECIFIED,"8,630,908"
CENSUS,2007,YEAR,,COUNTY,FLORIDA,12,12,NORTHWEST,10,SANTA ROSA,113,113,12113,,,,PEANUTS,"PEANUTS - PRODUCTION, MEASURED IN LB",TOTAL,NOT SPECIFIED,"28,642,235"
CENSUS,2007,YEAR,,COUNTY,FLORIDA,12,12,NORTHWEST,10,WALTON,131,131,12131,,,,PEANUTS,"PEANUTS - PRODUCTION, MEASURED IN LB",TOTAL,NOT SPECIFIED,"6,682,504"
CENSUS,2007,YEAR,,COUNTY,FLORIDA,12,12,NORTHWEST,10,WASHINGTON,133,133,12133,,,,PEANUTS,"PEANUTS - PRODUCTION, MEASURED IN LB",TOTAL,NOT SPECIFIED,"4,570,000"
CENSUS,2007,YEAR,,COUNTY,GEORGIA,13,13,CENTRAL,50,BLECKLEY,23,23,13023,,,,PEANUTS,"PEANUTS - PRODUCTION, MEASURED IN LB",TOTAL,NOT SPECIFIED,"9,703,600"
CENSUS,2007,YEAR,,COUNTY,GEORGIA,13,13,CENTRAL,50,DODGE,91,91,13091,,,,PEANUTS,"PEANUTS - PRODUCTION, MEASURED IN LB",TOTAL,NOT SPECIFIED,"7,438,100"
CENSUS,2007,YEAR,,COUNTY,GEORGIA,13,13,CENTRAL,50,HOUSTON,153,153,13153,,,,PEANUTS,"PEANUTS - PRODUCTION, MEASURED IN LB",TOTAL,NOT SPECIFIED,"5,287,718"
CENSUS,2007,YEAR,,COUNTY,GEORGIA,13,13,CENTRAL,50,JOHNSON,167,167,13167,,,,PEANUTS,"PEANUTS - PRODUCTION, MEASURED IN LB",TOTAL,NOT SPECIFIED,"1,317,744"
CENSUS,2007,YEAR,,COUNTY,GEORGIA,13,13,CENTRAL,50,LAURENS,175,175,13175,,,,PEANUTS,"PEANUTS - PRODUCTION, MEASURED IN LB",TOTAL,NOT SPECIFIED,"3,644,629"
CENSUS,2007,YEAR,,COUNTY,GEORGIA,13,13,CENTRAL,50,MONTGOMERY,209,209,13209,,,,PEANUTS,"PEANUTS - PRODUCTION, MEASURED IN LB",TOTAL,NOT SPECIFIED,"3,323,000"
CENSUS,2007,YEAR,,COUNTY,GEORGIA,13,13,CENTRAL,50,PEACH,225,225,13225,,,,PEANUTS,"PEANUTS - PRODUCTION, MEASURED IN LB",TOTAL,NOT SPECIFIED,"608,000"
CENSUS,2007,YEAR,,COUNTY,GEORGIA,13,13,CENTRAL,50,PULASKI,235,235,13235,,,,PEANUTS,"PEANUTS - PRODUCTION, MEASURED IN LB",TOTAL,NOT SPECIFIED,"10,315,010"
CENSUS,2007,YEAR,,COUNTY,GEORGIA,13,13,CENTRAL,50,TREUTLEN,283,283,13283,,,,PEANUTS,"PEANUTS - PRODUCTION, MEASURED IN LB",TOTAL,NOT SPECIFIED, (D)
CENSUS,2007,YEAR,,COUNTY,GEORGIA,13,13,CENTRAL,50,TWIGGS,289,289,13289,,,,PEANUTS,"PEANUTS - PRODUCTION, MEASURED IN LB",TOTAL,NOT SPECIFIED, (D)
CENSUS,2007,YEAR,,COUNTY,GEORGIA,13,13,CENTRAL,50,WASHINGTON,303,303,13303,,,,PEANUTS,"PEANUTS - PRODUCTION, MEASURED IN LB",TOTAL,NOT SPECIFIED,"4,568,783"
CENSUS,2007,YEAR,,COUNTY,GEORGIA,13,13,CENTRAL,50,WHEELER,309,309,13309,,,,PEANUTS,"PEANUTS - PRODUCTION, MEASURED IN LB",TOTAL,NOT SPECIFIED, (D)
CENSUS,2007,YEAR,,COUNTY,GEORGIA,13,13,CENTRAL,50,WILKINSON,319,319,13319,,,,PEANUTS,"PEANUTS - PRODUCTION, MEASURED IN LB",TOTAL,NOT SPECIFIED, (D)
CENSUS,2007,YEAR,,COUNTY,GEORGIA,13,13,EAST CENTRAL,60,BULLOCH,31,31,13031,,,,PEANUTS,"PEANUTS - PRODUCTION, MEASURED IN LB",TOTAL,NOT SPECIFIED,"51,956,368"
CENSUS,2007,YEAR,,COUNTY,GEORGIA,13,13,EAST CENTRAL,60,BURKE,33,33,13033,,,,PEANUTS,"PEANUTS - PRODUCTION, MEASURED IN LB",TOTAL,NOT SPECIFIED,"47,500,625"
CENSUS,2007,YEAR,,COUNTY,GEORGIA,13,13,EAST CENTRAL,60,CANDLER,43,43,13043,,,,PEANUTS,"PEANUTS - PRODUCTION, MEASURED IN LB",TOTAL,NOT SPECIFIED,"6,590,544"
CENSUS,2007,YEAR,,COUNTY,GEORGIA,13,13,EAST CENTRAL,60,COLUMBIA,73,73,13073,,,,PEANUTS,"PEANUTS - PRODUCTION, MEASURED IN LB",TOTAL,NOT SPECIFIED, (D)
CENSUS,2007,YEAR,,COUNTY,GEORGIA,13,13,EAST CENTRAL,60,EFFINGHAM,103,103,13103,,,,PEANUTS,"PEANUTS - PRODUCTION, MEASURED IN LB",TOTAL,NOT SPECIFIED,"6,859,044"
CENSUS,2007,YEAR,,COUNTY,GEORGIA,13,13,EAST CENTRAL,60,EMANUEL,107,107,13107,,,,PEANUTS,"PEANUTS - PRODUCTION, MEASURED IN LB",TOTAL,NOT SPECIFIED,"31,611,085"
CENSUS,2007,YEAR,,COUNTY,GEORGIA,13,13,EAST CENTRAL,60,GLASCOCK,125,125,13125,,,,PEANUTS,"PEANUTS - PRODUCTION, MEASURED IN LB",TOTAL,NOT SPECIFIED,"2,027,000"
CENSUS,2007,YEAR,,COUNTY,GEORGIA,13,13,EAST CENTRAL,60,JEFFERSON,163,163,13163,,,,PEANUTS,"PEANUTS - PRODUCTION, MEASURED IN LB",TOTAL,NOT SPECIFIED,"23,615,806"
CENSUS,2007,YEAR,,COUNTY,GEORGIA,13,13,EAST CENTRAL,60,JENKINS,165,165,13165,,,,PEANUTS,"PEANUTS - PRODUCTION, MEASURED IN LB",TOTAL,NOT SPECIFIED,"12,590,660"
CENSUS,2007,YEAR,,COUNTY,GEORGIA,13,13,EAST CENTRAL,60,RICHMOND,245,245,13245,,,,PEANUTS,"PEANUTS - PRODUCTION, MEASURED IN LB",TOTAL,NOT SPECIFIED, (D)
CENSUS,2007,YEAR,,COUNTY,GEORGIA,13,13,EAST CENTRAL,60,SCREVEN,251,251,13251,,,,PEANUTS,"PEANUTS - PRODUCTION, MEASURED IN LB",TOTAL,NOT SPECIFIED,"22,424,833"
CENSUS,2007,YEAR,,COUNTY,GEORGIA,13,13,SOUTH CENTRAL,80,ATKINSON,3,3,13003,,,,PEANUTS,"PEANUTS - PRODUCTION, MEASURED IN LB",TOTAL,NOT SPECIFIED,"21,294,976"
CENSUS,2007,YEAR,,COUNTY,GEORGIA,13,13,SOUTH CENTRAL,80,BEN HILL,17,17,13017,,,,PEANUTS,"PEANUTS - PRODUCTION, MEASURED IN LB",TOTAL,NOT SPECIFIED,"25,093,583"
CENSUS,2007,YEAR,,COUNTY,GEORGIA,13,13,SOUTH CENTRAL,80,BERRIEN,19,19,13019,,,,PEANUTS,"PEANUTS - PRODUCTION, MEASURED IN LB",TOTAL,NOT SPECIFIED,"33,352,354"
CENSUS,2007,YEAR,,COUNTY,GEORGIA,13,13,SOUTH CENTRAL,80,BROOKS,27,27,13027,,,,PEANUTS,"PEANUTS - PRODUCTION, MEASURED IN LB",TOTAL,NOT SPECIFIED,"37,850,047"
CENSUS,2007,YEAR,,COUNTY,GEORGIA,13,13,SOUTH CENTRAL,80,CLINCH,65,65,13065,,,,PEANUTS,"PEANUTS - PRODUCTION, MEASURED IN LB",TOTAL,NOT SPECIFIED, (D)
CENSUS,2007,YEAR,,COUNTY,GEORGIA,13,13,SOUTH CENTRAL,80,COFFEE,69,69,13069,,,,PEANUTS,"PEANUTS - PRODUCTION, MEASURED IN LB",TOTAL,NOT SPECIFIED,"66,807,605"
CENSUS,2007,YEAR,,COUNTY,GEORGIA,13,13,SOUTH CENTRAL,80,COLQUITT,71,71,13071,,,,PEANUTS,"PEANUTS - PRODUCTION, MEASURED IN LB",TOTAL,NOT SPECIFIED,"50,835,575"
CENSUS,2007,YEAR,,COUNTY,GEORGIA,13,13,SOUTH CENTRAL,80,COOK,75,75,13075,,,,PEANUTS,"PEANUTS - PRODUCTION, MEASURED IN LB",TOTAL,NOT SPECIFIED,"15,361,281"
CENSUS,2007,YEAR,,COUNTY,GEORGIA,13,13,SOUTH CENTRAL,80,CRISP,81,81,13081,,,,PEANUTS,"PEANUTS - PRODUCTION, MEASURED IN LB",TOTAL,NOT SPECIFIED,"20,189,399"
CENSUS,2007,YEAR,,COUNTY,GEORGIA,13,13,SOUTH CENTRAL,80,DOOLY,93,93,13093,,,,PEANUTS,"PEANUTS - PRODUCTION, MEASURED IN LB",TOTAL,NOT SPECIFIED,"53,565,820"
CENSUS,2007,YEAR,,COUNTY,GEORGIA,13,13,SOUTH CENTRAL,80,ECHOLS,101,101,13101,,,,PEANUTS,"PEANUTS - PRODUCTION, MEASURED IN LB",TOTAL,NOT SPECIFIED, (D)
CENSUS,2007,YEAR,,COUNTY,GEORGIA,13,13,SOUTH CENTRAL,80,IRWIN,155,155,13155,,,,PEANUTS,"PEANUTS - PRODUCTION, MEASURED IN LB",TOTAL,NOT SPECIFIED,"66,838,835"
CENSUS,2007,YEAR,,COUNTY,GEORGIA,13,13,SOUTH CENTRAL,80,JEFF DAVIS,161,161,13161,,,,PEANUTS,"PEANUTS - PRODUCTION, MEASURED IN LB",TOTAL,NOT SPECIFIED,"19,867,930"
CENSUS,2007,YEAR,,COUNTY,GEORGIA,13,13,SOUTH CENTRAL,80,LANIER,173,173,13173,,,,PEANUTS,"PEANUTS - PRODUCTION, MEASURED IN LB",TOTAL,NOT SPECIFIED,"10,975,996"
CENSUS,2007,YEAR,,COUNTY,GEORGIA,13,13,SOUTH CENTRAL,80,LOWNDES,185,185,13185,,,,PEANUTS,"PEANUTS - PRODUCTION, MEASURED IN LB",TOTAL,NOT SPECIFIED,"5,269,789"
CENSUS,2007,YEAR,,COUNTY,GEORGIA,13,13,SOUTH CENTRAL,80,TELFAIR,271,271,13271,,,,PEANUTS,"PEANUTS - PRODUCTION, MEASURED IN LB",TOTAL,NOT SPECIFIED,"2,151,794"
CENSUS,2007,YEAR,,COUNTY,GEORGIA,13,13,SOUTH CENTRAL,80,TIFT,277,277,13277,,,,PEANUTS,"PEANUTS - PRODUCTION, MEASURED IN LB",TOTAL,NOT SPECIFIED,"47,402,048"
CENSUS,2007,YEAR,,COUNTY,GEORGIA,13,13,SOUTH CENTRAL,80,TURNER,287,287,13287,,,,PEANUTS,"PEANUTS - PRODUCTION, MEASURED IN LB",TOTAL,NOT SPECIFIED,"43,517,231"
CENSUS,2007,YEAR,,COUNTY,GEORGIA,13,13,SOUTH CENTRAL,80,WILCOX,315,315,13315,,,,PEANUTS,"PEANUTS - PRODUCTION, MEASURED IN LB",TOTAL,NOT SPECIFIED,"46,454,552"
CENSUS,2007,YEAR,,COUNTY,GEORGIA,13,13,SOUTH CENTRAL,80,WORTH,321,321,13321,,,,PEANUTS,"PEANUTS - PRODUCTION, MEASURED IN LB",TOTAL,NOT SPECIFIED,"87,894,256"
CENSUS,2007,YEAR,,COUNTY,GEORGIA,13,13,SOUTHEAST,90,APPLING,1,1,13001,,,,PEANUTS,"PEANUTS - PRODUCTION, MEASURED IN LB",TOTAL,NOT SPECIFIED,"45,534,980"
CENSUS,2007,YEAR,,COUNTY,GEORGIA,13,13,SOUTHEAST,90,BACON,5,5,13005,,,,PEANUTS,"PEANUTS - PRODUCTION, MEASURED IN LB",TOTAL,NOT SPECIFIED,"14,483,753"
CENSUS,2007,YEAR,,COUNTY,GEORGIA,13,13,SOUTHEAST,90,BRANTLEY,25,25,13025,,,,PEANUTS,"PEANUTS - PRODUCTION, MEASURED IN LB",TOTAL,NOT SPECIFIED,"2,814,840"
CENSUS,2007,YEAR,,COUNTY,GEORGIA,13,13,SOUTHEAST,90,BRYAN,29,29,13029,,,,PEANUTS,"PEANUTS - PRODUCTION, MEASURED IN LB",TOTAL,NOT SPECIFIED, (D)
CENSUS,2007,YEAR,,COUNTY,GEORGIA,13,13,SOUTHEAST,90,EVANS,109,109,13109,,,,PEANUTS,"PEANUTS - PRODUCTION, MEASURED IN LB",TOTAL,NOT SPECIFIED,"5,188,376"
CENSUS,2007,YEAR,,COUNTY,GEORGIA,13,13,SOUTHEAST,90,PIERCE,229,229,13229,,,,PEANUTS,"PEANUTS - PRODUCTION, MEASURED IN LB",TOTAL,NOT SPECIFIED,"19,444,866"
CENSUS,2007,YEAR,,COUNTY,GEORGIA,13,13,SOUTHEAST,90,TATTNALL,267,267,13267,,,,PEANUTS,"PEANUTS - PRODUCTION, MEASURED IN LB",TOTAL,NOT SPECIFIED,"4,969,058"
CENSUS,2007,YEAR,,COUNTY,GEORGIA,13,13,SOUTHEAST,90,TOOMBS,279,279,13279,,,,PEANUTS,"PEANUTS - PRODUCTION, MEASURED IN LB",TOTAL,NOT SPECIFIED,"2,624,851"
CENSUS,2007,YEAR,,COUNTY,GEORGIA,13,13,SOUTHEAST,90,WARE,299,299,13299,,,,PEANUTS,"PEANUTS - PRODUCTION, MEASURED IN LB",TOTAL,NOT SPECIFIED,"6,888,120"
CENSUS,2007,YEAR,,COUNTY,GEORGIA,13,13,SOUTHEAST,90,WAYNE,305,305,13305,,,,PEANUTS,"PEANUTS - PRODUCTION, MEASURED IN LB",TOTAL,NOT SPECIFIED,"4,641,300"
CENSUS,2007,YEAR,,COUNTY,GEORGIA,13,13,SOUTHWEST,70,BAKER,7,7,13007,,,,PEANUTS,"PEANUTS - PRODUCTION, MEASURED IN LB",TOTAL,NOT SPECIFIED,"41,459,699"
CENSUS,2007,YEAR,,COUNTY,GEORGIA,13,13,SOUTHWEST,70,CALHOUN,37,37,13037,,,,PEANUTS,"PEANUTS - PRODUCTION, MEASURED IN LB",TOTAL,NOT SPECIFIED,"40,424,675"
CENSUS,2007,YEAR,,COUNTY,GEORGIA,13,13,SOUTHWEST,70,CLAY,61,61,13061,,,,PEANUTS,"PEANUTS - PRODUCTION, MEASURED IN LB",TOTAL,NOT SPECIFIED,"20,014,704"
CENSUS,2007,YEAR,,COUNTY,GEORGIA,13,13,SOUTHWEST,70,DECATUR,87,87,13087,,,,PEANUTS,"PEANUTS - PRODUCTION, MEASURED IN LB",TOTAL,NOT SPECIFIED,"71,497,805"
CENSUS,2007,YEAR,,COUNTY,GEORGIA,13,13,SOUTHWEST,70,DOUGHERTY,95,95,13095,,,,PEANUTS,"PEANUTS - PRODUCTION, MEASURED IN LB",TOTAL,NOT SPECIFIED,"10,803,191"
CENSUS,2007,YEAR,,COUNTY,GEORGIA,13,13,SOUTHWEST,70,EARLY,99,99,13099,,,,PEANUTS,"PEANUTS - PRODUCTION, MEASURED IN LB",TOTAL,NOT SPECIFIED,"73,781,769"
CENSUS,2007,YEAR,,COUNTY,GEORGIA,13,13,SOUTHWEST,70,GRADY,131,131,13131,,,,PEANUTS,"PEANUTS - PRODUCTION, MEASURED IN LB",TOTAL,NOT SPECIFIED,"14,234,091"
CENSUS,2007,YEAR,,COUNTY,GEORGIA,13,13,SOUTHWEST,70,LEE,177,177,13177,,,,PEANUTS,"PEANUTS - PRODUCTION, MEASURED IN LB",TOTAL,NOT SPECIFIED,"10,481,949"
CENSUS,2007,YEAR,,COUNTY,GEORGIA,13,13,SOUTHWEST,70,MILLER,201,201,13201,,,,PEANUTS,"PEANUTS - PRODUCTION, MEASURED IN LB",TOTAL,NOT SPECIFIED,"50,808,770"
CENSUS,2007,YEAR,,COUNTY,GEORGIA,13,13,SOUTHWEST,70,MITCHELL,205,205,13205,,,,PEANUTS,"PEANUTS - PRODUCTION, MEASURED IN LB",TOTAL,NOT SPECIFIED,"95,202,349"
CENSUS,2007,YEAR,,COUNTY,GEORGIA,13,13,SOUTHWEST,70,QUITMAN,239,239,13239,,,,PEANUTS,"PEANUTS - PRODUCTION, MEASURED IN LB",TOTAL,NOT SPECIFIED, (D)
CENSUS,2007,YEAR,,COUNTY,GEORGIA,13,13,SOUTHWEST,70,RANDOLPH,243,243,13243,,,,PEANUTS,"PEANUTS - PRODUCTION, MEASURED IN LB",TOTAL,NOT SPECIFIED,"27,937,967"
CENSUS,2007,YEAR,,COUNTY,GEORGIA,13,13,SOUTHWEST,70,SEMINOLE,253,253,13253,,,,PEANUTS,"PEANUTS - PRODUCTION, MEASURED IN LB",TOTAL,NOT SPECIFIED,"53,131,931"
CENSUS,2007,YEAR,,COUNTY,GEORGIA,13,13,SOUTHWEST,70,STEWART,259,259,13259,,,,PEANUTS,"PEANUTS - PRODUCTION, MEASURED IN LB",TOTAL,NOT SPECIFIED,"3,547,050"
CENSUS,2007,YEAR,,COUNTY,GEORGIA,13,13,SOUTHWEST,70,SUMTER,261,261,13261,,,,PEANUTS,"PEANUTS - PRODUCTION, MEASURED IN LB",TOTAL,NOT SPECIFIED,"25,980,927"
CENSUS,2007,YEAR,,COUNTY,GEORGIA,13,13,SOUTHWEST,70,TERRELL,273,273,13273,,,,PEANUTS,"PEANUTS - PRODUCTION, MEASURED IN LB",TOTAL,NOT SPECIFIED,"25,785,533"
CENSUS,2007,YEAR,,COUNTY,GEORGIA,13,13,SOUTHWEST,70,THOMAS,275,275,13275,,,,PEANUTS,"PEANUTS - PRODUCTION, MEASURED IN LB",TOTAL,NOT SPECIFIED,"26,013,750"
CENSUS,2007,YEAR,,COUNTY,GEORGIA,13,13,SOUTHWEST,70,WEBSTER,307,307,13307,,,,PEANUTS,"PEANUTS - PRODUCTION, MEASURED IN LB",TOTAL,NOT SPECIFIED,"4,473,800"
CENSUS,2007,YEAR,,COUNTY,GEORGIA,13,13,WEST CENTRAL,40,MACON,193,193,13193,,,,PEANUTS,"PEANUTS - PRODUCTION, MEASURED IN LB",TOTAL,NOT SPECIFIED,"9,365,235"
CENSUS,2007,YEAR,,COUNTY,GEORGIA,13,13,WEST CENTRAL,40,MARION,197,197,13197,,,,PEANUTS,"PEANUTS - PRODUCTION, MEASURED IN LB",TOTAL,NOT SPECIFIED,"1,812,130"
CENSUS,2007,YEAR,,COUNTY,GEORGIA,13,13,WEST CENTRAL,40,SCHLEY,249,249,13249,,,,PEANUTS,"PEANUTS - PRODUCTION, MEASURED IN LB",TOTAL,NOT SPECIFIED, (D)
CENSUS,2007,YEAR,,COUNTY,GEORGIA,13,13,WEST CENTRAL,40,TAYLOR,269,269,13269,,,,PEANUTS,"PEANUTS - PRODUCTION, MEASURED IN LB",TOTAL,NOT SPECIFIED,"3,596,211"
CENSUS,2007,YEAR,,COUNTY,LOUISIANA,22,22,CENTRAL,50,POINTE COUPEE,77,77,22077,,,,PEANUTS,"PEANUTS - PRODUCTION, MEASURED IN LB",TOTAL,NOT SPECIFIED, (D)
CENSUS,2007,YEAR,,COUNTY,LOUISIANA,22,22,CENTRAL,50,WEST BATON ROUGE,121,121,22121,,,,PEANUTS,"PEANUTS - PRODUCTION, MEASURED IN LB",TOTAL,NOT SPECIFIED, (D)
CENSUS,2007,YEAR,,COUNTY,LOUISIANA,22,22,EAST CENTRAL,60,LIVINGSTON,63,63,22063,,,,PEANUTS,"PEANUTS - PRODUCTION, MEASURED IN LB",TOTAL,NOT SPECIFIED, (D)
CENSUS,2007,YEAR,,COUNTY,LOUISIANA,22,22,EAST CENTRAL,60,SAINT HELENA,91,91,22091,,,,PEANUTS,"PEANUTS - PRODUCTION, MEASURED IN LB",TOTAL,NOT SPECIFIED, (D)
CENSUS,2007,YEAR,,COUNTY,LOUISIANA,22,22,NORTHEAST,30,MOREHOUSE,67,67,22067,,,,PEANUTS,"PEANUTS - PRODUCTION, MEASURED IN LB",TOTAL,NOT SPECIFIED, (D)
CENSUS,2007,YEAR,,COUNTY,LOUISIANA,22,22,SOUTHEAST,90,SAINT BERNARD,87,87,22087,,,,PEANUTS,"PEANUTS - PRODUCTION, MEASURED IN LB",TOTAL,NOT SPECIFIED, (D)
CENSUS,2007,YEAR,,COUNTY,MISSISSIPPI,28,28,CENTRAL,50,ATTALA,7,7,28007,,,,PEANUTS,"PEANUTS - PRODUCTION, MEASURED IN LB",TOTAL,NOT SPECIFIED, (D)
CENSUS,2007,YEAR,,COUNTY,MISSISSIPPI,28,28,CENTRAL,50,MADISON,89,89,28089,,,,PEANUTS,"PEANUTS - PRODUCTION, MEASURED IN LB",TOTAL,NOT SPECIFIED, (D)
CENSUS,2007,YEAR,,COUNTY,MISSISSIPPI,28,28,CENTRAL,50,WEBSTER,155,155,28155,,,,PEANUTS,"PEANUTS - PRODUCTION, MEASURED IN LB",TOTAL,NOT SPECIFIED,"2,979,325"
CENSUS,2007,YEAR,,COUNTY,MISSISSIPPI,28,28,EAST CENTRAL,60,CHICKASAW,17,17,28017,,,,PEANUTS,"PEANUTS - PRODUCTION, MEASURED IN LB",TOTAL,NOT SPECIFIED, (D)
CENSUS,2007,YEAR,,COUNTY,MISSISSIPPI,28,28,EAST CENTRAL,60,MONROE,95,95,28095,,,,PEANUTS,"PEANUTS - PRODUCTION, MEASURED IN LB",TOTAL,NOT SPECIFIED,"1,976,000"
CENSUS,2007,YEAR,,COUNTY,MISSISSIPPI,28,28,EAST CENTRAL,60,NESHOBA,99,99,28099,,,,PEANUTS,"PEANUTS - PRODUCTION, MEASURED IN LB",TOTAL,NOT SPECIFIED, (D)
CENSUS,2007,YEAR,,COUNTY,MISSISSIPPI,28,28,LOWER DELTA,40,ISSAQUENA,55,55,28055,,,,PEANUTS,"PEANUTS - PRODUCTION, MEASURED IN LB",TOTAL,NOT SPECIFIED, (D)
CENSUS,2007,YEAR,,COUNTY,MISSISSIPPI,28,28,LOWER DELTA,40,LEFLORE,83,83,28083,,,,PEANUTS,"PEANUTS - PRODUCTION, MEASURED IN LB",TOTAL,NOT SPECIFIED, (D)
CENSUS,2007,YEAR,,COUNTY,MISSISSIPPI,28,28,LOWER DELTA,40,SHARKEY,125,125,28125,,,,PEANUTS,"PEANUTS - PRODUCTION, MEASURED IN LB",TOTAL,NOT SPECIFIED, (D)
CENSUS,2007,YEAR,,COUNTY,MISSISSIPPI,28,28,LOWER DELTA,40,WASHINGTON,151,151,28151,,,,PEANUTS,"PEANUTS - PRODUCTION, MEASURED IN LB",TOTAL,NOT SPECIFIED,"1,392,000"
CENSUS,2007,YEAR,,COUNTY,MISSISSIPPI,28,28,LOWER DELTA,40,YAZOO,163,163,28163,,,,PEANUTS,"PEANUTS - PRODUCTION, MEASURED IN LB",TOTAL,NOT SPECIFIED,"6,141,200"
CENSUS,2007,YEAR,,COUNTY,MISSISSIPPI,28,28,NORTH CENTRAL,20,CALHOUN,13,13,28013,,,,PEANUTS,"PEANUTS - PRODUCTION, MEASURED IN LB",TOTAL,NOT SPECIFIED,"2,046,000"
CENSUS,2007,YEAR,,COUNTY,MISSISSIPPI,28,28,NORTH CENTRAL,20,DE SOTO,33,33,28033,,,,PEANUTS,"PEANUTS - PRODUCTION, MEASURED IN LB",TOTAL,NOT SPECIFIED, (D)
CENSUS,2007,YEAR,,COUNTY,MISSISSIPPI,28,28,NORTH CENTRAL,20,GRENADA,43,43,28043,,,,PEANUTS,"PEANUTS - PRODUCTION, MEASURED IN LB",TOTAL,NOT SPECIFIED, (D)
CENSUS,2007,YEAR,,COUNTY,MISSISSIPPI,28,28,NORTH CENTRAL,20,MARSHALL,93,93,28093,,,,PEANUTS,"PEANUTS - PRODUCTION, MEASURED IN LB",TOTAL,NOT SPECIFIED, (D)
CENSUS,2007,YEAR,,COUNTY,MISSISSIPPI,28,28,NORTH CENTRAL,20,PANOLA,107,107,28107,,,,PEANUTS,"PEANUTS - PRODUCTION, MEASURED IN LB",TOTAL,NOT SPECIFIED,800
CENSUS,2007,YEAR,,COUNTY,MISSISSIPPI,28,28,NORTHEAST,30,ALCORN,3,3,28003,,,,PEANUTS,"PEANUTS - PRODUCTION, MEASURED IN LB",TOTAL,NOT SPECIFIED,"1,000"
CENSUS,2007,YEAR,,COUNTY,MISSISSIPPI,28,28,NORTHEAST,30,LEE,81,81,28081,,,,PEANUTS,"PEANUTS - PRODUCTION, MEASURED IN LB",TOTAL,NOT SPECIFIED, (D)
CENSUS,2007,YEAR,,COUNTY,MISSISSIPPI,28,28,NORTHEAST,30,PONTOTOC,115,115,28115,,,,PEANUTS,"PEANUTS - PRODUCTION, MEASURED IN LB",TOTAL,NOT SPECIFIED, (D)
CENSUS,2007,YEAR,,COUNTY,MISSISSIPPI,28,28,NORTHEAST,30,PRENTISS,117,117,28117,,,,PEANUTS,"PEANUTS - PRODUCTION, MEASURED IN LB",TOTAL,NOT SPECIFIED, (D)
CENSUS,2007,YEAR,,COUNTY,MISSISSIPPI,28,28,NORTHEAST,30,TISHOMINGO,141,141,28141,,,,PEANUTS,"PEANUTS - PRODUCTION, MEASURED IN LB",TOTAL,NOT SPECIFIED, (D)
CENSUS,2007,YEAR,,COUNTY,MISSISSIPPI,28,28,SOUTH CENTRAL,80,COVINGTON,31,31,28031,,,,PEANUTS,"PEANUTS - PRODUCTION, MEASURED IN LB",TOTAL,NOT SPECIFIED, (D)
CENSUS,2007,YEAR,,COUNTY,MISSISSIPPI,28,28,SOUTH CENTRAL,80,LAWRENCE,77,77,28077,,,,PEANUTS,"PEANUTS - PRODUCTION, MEASURED IN LB",TOTAL,NOT SPECIFIED, (D)
CENSUS,2007,YEAR,,COUNTY,MISSISSIPPI,28,28,SOUTH CENTRAL,80,MARION,91,91,28091,,,,PEANUTS,"PEANUTS - PRODUCTION, MEASURED IN LB",TOTAL,NOT SPECIFIED, (D)
CENSUS,2007,YEAR,,COUNTY,MISSISSIPPI,28,28,SOUTH CENTRAL,80,SIMPSON,127,127,28127,,,,PEANUTS,"PEANUTS - PRODUCTION, MEASURED IN LB",TOTAL,NOT SPECIFIED, (D)
CENSUS,2007,YEAR,,COUNTY,MISSISSIPPI,28,28,SOUTHEAST AND COASTAL,90,FORREST,35,35,28035,,,,PEANUTS,"PEANUTS - PRODUCTION, MEASURED IN LB",TOTAL,NOT SPECIFIED, (D)
CENSUS,2007,YEAR,,COUNTY,MISSISSIPPI,28,28,SOUTHEAST AND COASTAL,90,GEORGE,39,39,28039,,,,PEANUTS,"PEANUTS - PRODUCTION, MEASURED IN LB",TOTAL,NOT SPECIFIED,"14,635,000"
CENSUS,2007,YEAR,,COUNTY,MISSISSIPPI,28,28,SOUTHEAST AND COASTAL,90,GREENE,41,41,28041,,,,PEANUTS,"PEANUTS - PRODUCTION, MEASURED IN LB",TOTAL,NOT SPECIFIED,"2,160,000"
CENSUS,2007,YEAR,,COUNTY,MISSISSIPPI,28,28,SOUTHEAST AND COASTAL,90,JACKSON,59,59,28059,,,,PEANUTS,"PEANUTS - PRODUCTION, MEASURED IN LB",TOTAL,NOT SPECIFIED, (D)
CENSUS,2007,YEAR,,COUNTY,MISSISSIPPI,28,28,SOUTHEAST AND COASTAL,90,JONES,67,67,28067,,,,PEANUTS,"PEANUTS - PRODUCTION, MEASURED IN LB",TOTAL,NOT SPECIFIED, (D)
CENSUS,2007,YEAR,,COUNTY,MISSISSIPPI,28,28,SOUTHEAST AND COASTAL,90,PERRY,111,111,28111,,,,PEANUTS,"PEANUTS - PRODUCTION, MEASURED IN LB",TOTAL,NOT SPECIFIED, (D)
CENSUS,2007,YEAR,,COUNTY,MISSISSIPPI,28,28,SOUTHWEST,70,CLAIBORNE,21,21,28021,,,,PEANUTS,"PEANUTS - PRODUCTION, MEASURED IN LB",TOTAL,NOT SPECIFIED, (D)
CENSUS,2007,YEAR,,COUNTY,MISSISSIPPI,28,28,SOUTHWEST,70,COPIAH,29,29,28029,,,,PEANUTS,"PEANUTS - PRODUCTION, MEASURED IN LB",TOTAL,NOT SPECIFIED,"1,252,000"
CENSUS,2007,YEAR,,COUNTY,MISSISSIPPI,28,28,SOUTHWEST,70,HINDS,49,49,28049,,,,PEANUTS,"PEANUTS - PRODUCTION, MEASURED IN LB",TOTAL,NOT SPECIFIED, (D)
CENSUS,2007,YEAR,,COUNTY,MISSISSIPPI,28,28,SOUTHWEST,70,JEFFERSON,63,63,28063,,,,PEANUTS,"PEANUTS - PRODUCTION, MEASURED IN LB",TOTAL,NOT SPECIFIED, (D)
CENSUS,2007,YEAR,,COUNTY,MISSISSIPPI,28,28,UPPER DELTA,10,BOLIVAR,11,11,28011,,,,PEANUTS,"PEANUTS - PRODUCTION, MEASURED IN LB",TOTAL,NOT SPECIFIED, (D)
CENSUS,2007,YEAR,,COUNTY,MISSISSIPPI,28,28,UPPER DELTA,10,QUITMAN,119,119,28119,,,,PEANUTS,"PEANUTS - PRODUCTION, MEASURED IN LB",TOTAL,NOT SPECIFIED, (D)
CENSUS,2007,YEAR,,COUNTY,MISSISSIPPI,28,28,UPPER DELTA,10,TALLAHATCHIE,135,135,28135,,,,PEANUTS,"PEANUTS - PRODUCTION, MEASURED IN LB",TOTAL,NOT SPECIFIED, (D)
CENSUS,2007,YEAR,,COUNTY,MISSOURI,29,29,SOUTHWEST,70,BARTON,11,11,29011,,,,PEANUTS,"PEANUTS - PRODUCTION, MEASURED IN LB",TOTAL,NOT SPECIFIED, (D)
CENSUS,2007,YEAR,,COUNTY,NEW MEXICO,35,35,NORTHEAST,30,CURRY,9,9,35009,,,,PEANUTS,"PEANUTS - PRODUCTION, MEASURED IN LB",TOTAL,NOT SPECIFIED, (D)
CENSUS,2007,YEAR,,COUNTY,NEW MEXICO,35,35,NORTHEAST,30,ROOSEVELT,41,41,35041,,,,PEANUTS,"PEANUTS - PRODUCTION, MEASURED IN LB",TOTAL,NOT SPECIFIED,"21,215,982"
CENSUS,2007,YEAR,,COUNTY,NEW MEXICO,35,35,SOUTHEAST,90,LEA,25,25,35025,,,,PEANUTS,"PEANUTS - PRODUCTION, MEASURED IN LB",TOTAL,NOT SPECIFIED, (D)
CENSUS,2007,YEAR,,COUNTY,NORTH CAROLINA,37,37,CENTRAL COASTAL,80,BEAUFORT,13,13,37013,,,,PEANUTS,"PEANUTS - PRODUCTION, MEASURED IN LB",TOTAL,NOT SPECIFIED, (D)
CENSUS,2007,YEAR,,COUNTY,NORTH CAROLINA,37,37,CENTRAL COASTAL,80,CRAVEN,49,49,37049,,,,PEANUTS,"PEANUTS - PRODUCTION, MEASURED IN LB",TOTAL,NOT SPECIFIED,"2,431,000"
CENSUS,2007,YEAR,,COUNTY,NORTH CAROLINA,37,37,CENTRAL COASTAL,80,GREENE,79,79,37079,,,,PEANUTS,"PEANUTS - PRODUCTION, MEASURED IN LB",TOTAL,NOT SPECIFIED,"4,438,201"
CENSUS,2007,YEAR,,COUNTY,NORTH CAROLINA,37,37,CENTRAL COASTAL,80,JOHNSTON,101,101,37101,,,,PEANUTS,"PEANUTS - PRODUCTION, MEASURED IN LB",TOTAL,NOT SPECIFIED, (D)
CENSUS,2007,YEAR,,COUNTY,NORTH CAROLINA,37,37,CENTRAL COASTAL,80,JONES,103,103,37103,,,,PEANUTS,"PEANUTS - PRODUCTION, MEASURED IN LB",TOTAL,NOT SPECIFIED,"2,790,000"
CENSUS,2007,YEAR,,COUNTY,NORTH CAROLINA,37,37,CENTRAL COASTAL,80,LENOIR,107,107,37107,,,,PEANUTS,"PEANUTS - PRODUCTION, MEASURED IN LB",TOTAL,NOT SPECIFIED, (D)
CENSUS,2007,YEAR,,COUNTY,NORTH CAROLINA,37,37,CENTRAL COASTAL,80,PITT,147,147,37147,,,,PEANUTS,"PEANUTS - PRODUCTION, MEASURED IN LB",TOTAL,NOT SPECIFIED,"12,233,705"
CENSUS,2007,YEAR,,COUNTY,NORTH CAROLINA,37,37,CENTRAL COASTAL,80,WAYNE,191,191,37191,,,,PEANUTS,"PEANUTS - PRODUCTION, MEASURED IN LB",TOTAL,NOT SPECIFIED,"2,577,726"
CENSUS,2007,YEAR,,COUNTY,NORTH CAROLINA,37,37,CENTRAL COASTAL,80,WILSON,195,195,37195,,,,PEANUTS,"PEANUTS - PRODUCTION, MEASURED IN LB",TOTAL,NOT SPECIFIED,"1,865,618"
CENSUS,2007,YEAR,,COUNTY,NORTH CAROLINA,37,37,CENTRAL PIEDMONT,50,DAVIDSON,57,57,37057,,,,PEANUTS,"PEANUTS - PRODUCTION, MEASURED IN LB",TOTAL,NOT SPECIFIED, (D)
CENSUS,2007,YEAR,,COUNTY,NORTH CAROLINA,37,37,CENTRAL PIEDMONT,50,WAKE,183,183,37183,,,,PEANUTS,"PEANUTS - PRODUCTION, MEASURED IN LB",TOTAL,NOT SPECIFIED,"10,500"
CENSUS,2007,YEAR,,COUNTY,NORTH CAROLINA,37,37,NORTHERN COASTAL,70,BERTIE,15,15,37015,,,,PEANUTS,"PEANUTS - PRODUCTION, MEASURED IN LB",TOTAL,NOT SPECIFIED,"32,014,886"
CENSUS,2007,YEAR,,COUNTY,NORTH CAROLINA,37,37,NORTHERN COASTAL,70,CAMDEN,29,29,37029,,,,PEANUTS,"PEANUTS - PRODUCTION, MEASURED IN LB",TOTAL,NOT SPECIFIED, (D)
CENSUS,2007,YEAR,,COUNTY,NORTH CAROLINA,37,37,NORTHERN COASTAL,70,CHOWAN,41,41,37041,,,,PEANUTS,"PEANUTS - PRODUCTION, MEASURED IN LB",TOTAL,NOT SPECIFIED,"25,390,549"
CENSUS,2007,YEAR,,COUNTY,NORTH CAROLINA,37,37,NORTHERN COASTAL,70,CURRITUCK,53,53,37053,,,,PEANUTS,"PEANUTS - PRODUCTION, MEASURED IN LB",TOTAL,NOT SPECIFIED, (D)
CENSUS,2007,YEAR,,COUNTY,NORTH CAROLINA,37,37,NORTHERN COASTAL,70,EDGECOMBE,65,65,37065,,,,PEANUTS,"PEANUTS - PRODUCTION, MEASURED IN LB",TOTAL,NOT SPECIFIED,"20,593,114"
CENSUS,2007,YEAR,,COUNTY,NORTH CAROLINA,37,37,NORTHERN COASTAL,70,GATES,73,73,37073,,,,PEANUTS,"PEANUTS - PRODUCTION, MEASURED IN LB",TOTAL,NOT SPECIFIED,"11,822,942"
CENSUS,2007,YEAR,,COUNTY,NORTH CAROLINA,37,37,NORTHERN COASTAL,70,HALIFAX,83,83,37083,,,,PEANUTS,"PEANUTS - PRODUCTION, MEASURED IN LB",TOTAL,NOT SPECIFIED,"16,529,792"
CENSUS,2007,YEAR,,COUNTY,NORTH CAROLINA,37,37,NORTHERN COASTAL,70,HERTFORD,91,91,37091,,,,PEANUTS,"PEANUTS - PRODUCTION, MEASURED IN LB",TOTAL,NOT SPECIFIED,"15,133,960"
CENSUS,2007,YEAR,,COUNTY,NORTH CAROLINA,37,37,NORTHERN COASTAL,70,MARTIN,117,117,37117,,,,PEANUTS,"PEANUTS - PRODUCTION, MEASURED IN LB",TOTAL,NOT SPECIFIED,"23,536,425"
CENSUS,2007,YEAR,,COUNTY,NORTH CAROLINA,37,37,NORTHERN COASTAL,70,NASH,127,127,37127,,,,PEANUTS,"PEANUTS - PRODUCTION, MEASURED IN LB",TOTAL,NOT SPECIFIED,"8,030,412"
CENSUS,2007,YEAR,,COUNTY,NORTH CAROLINA,37,37,NORTHERN COASTAL,70,NORTHAMPTON,131,131,37131,,,,PEANUTS,"PEANUTS - PRODUCTION, MEASURED IN LB",TOTAL,NOT SPECIFIED,"14,162,009"
CENSUS,2007,YEAR,,COUNTY,NORTH CAROLINA,37,37,NORTHERN COASTAL,70,PASQUOTANK,139,139,37139,,,,PEANUTS,"PEANUTS - PRODUCTION, MEASURED IN LB",TOTAL,NOT SPECIFIED,"506,998"
CENSUS,2007,YEAR,,COUNTY,NORTH CAROLINA,37,37,NORTHERN COASTAL,70,PERQUIMANS,143,143,37143,,,,PEANUTS,"PEANUTS - PRODUCTION, MEASURED IN LB",TOTAL,NOT SPECIFIED,"10,148,459"
CENSUS,2007,YEAR,,COUNTY,NORTH CAROLINA,37,37,NORTHERN COASTAL,70,WASHINGTON,187,187,37187,,,,PEANUTS,"PEANUTS - PRODUCTION, MEASURED IN LB",TOTAL,NOT SPECIFIED,"4,901,330"
CENSUS,2007,YEAR,,COUNTY,NORTH CAROLINA,37,37,SOUTHERN COASTAL,90,BLADEN,17,17,37017,,,,PEANUTS,"PEANUTS - PRODUCTION, MEASURED IN LB",TOTAL,NOT SPECIFIED,"10,443,006"
CENSUS,2007,YEAR,,COUNTY,NORTH CAROLINA,37,37,SOUTHERN COASTAL,90,BRUNSWICK,19,19,37019,,,,PEANUTS,"PEANUTS - PRODUCTION, MEASURED IN LB",TOTAL,NOT SPECIFIED,"39,710"
CENSUS,2007,YEAR,,COUNTY,NORTH CAROLINA,37,37,SOUTHERN COASTAL,90,COLUMBUS,47,47,37047,,,,PEANUTS,"PEANUTS - PRODUCTION, MEASURED IN LB",TOTAL,NOT SPECIFIED,"7,191,651"
CENSUS,2007,YEAR,,COUNTY,NORTH CAROLINA,37,37,SOUTHERN COASTAL,90,CUMBERLAND,51,51,37051,,,,PEANUTS,"PEANUTS - PRODUCTION, MEASURED IN LB",TOTAL,NOT SPECIFIED, (D)
CENSUS,2007,YEAR,,COUNTY,NORTH CAROLINA,37,37,SOUTHERN COASTAL,90,DUPLIN,61,61,37061,,,,PEANUTS,"PEANUTS - PRODUCTION, MEASURED IN LB",TOTAL,NOT SPECIFIED,"6,288,776"
CENSUS,2007,YEAR,,COUNTY,NORTH CAROLINA,37,37,SOUTHERN COASTAL,90,HARNETT,85,85,37085,,,,PEANUTS,"PEANUTS - PRODUCTION, MEASURED IN LB",TOTAL,NOT SPECIFIED,"1,225,539"
CENSUS,2007,YEAR,,COUNTY,NORTH CAROLINA,37,37,SOUTHERN COASTAL,90,ONSLOW,133,133,37133,,,,PEANUTS,"PEANUTS - PRODUCTION, MEASURED IN LB",TOTAL,NOT SPECIFIED, (D)
CENSUS,2007,YEAR,,COUNTY,NORTH CAROLINA,37,37,SOUTHERN COASTAL,90,PENDER,141,141,37141,,,,PEANUTS,"PEANUTS - PRODUCTION, MEASURED IN LB",TOTAL,NOT SPECIFIED,"72,660"
CENSUS,2007,YEAR,,COUNTY,NORTH CAROLINA,37,37,SOUTHERN COASTAL,90,ROBESON,155,155,37155,,,,PEANUTS,"PEANUTS - PRODUCTION, MEASURED IN LB",TOTAL,NOT SPECIFIED,"2,253,275"
CENSUS,2007,YEAR,,COUNTY,NORTH CAROLINA,37,37,SOUTHERN COASTAL,90,SAMPSON,163,163,37163,,,,PEANUTS,"PEANUTS - PRODUCTION, MEASURED IN LB",TOTAL,NOT SPECIFIED,"9,195,637"
CENSUS,2007,YEAR,,COUNTY,NORTH CAROLINA,37,37,SOUTHERN COASTAL,90,SCOTLAND,165,165,37165,,,,PEANUTS,"PEANUTS - PRODUCTION, MEASURED IN LB",TOTAL,NOT SPECIFIED, (D)
CENSUS,2007,YEAR,,COUNTY,OKLAHOMA,40,40,CENTRAL,50,GRADY,51,51,40051,,,,PEANUTS,"PEANUTS - PRODUCTION, MEASURED IN LB",TOTAL,NOT SPECIFIED,"2,845,188"
CENSUS,2007,YEAR,,COUNTY,OKLAHOMA,40,40,CENTRAL,50,OKFUSKEE,107,107,40107,,,,PEANUTS,"PEANUTS - PRODUCTION, MEASURED IN LB",TOTAL,NOT SPECIFIED, (D)
CENSUS,2007,YEAR,,COUNTY,OKLAHOMA,40,40,CENTRAL,50,POTTAWATOMIE,125,125,40125,,,,PEANUTS,"PEANUTS - PRODUCTION, MEASURED IN LB",TOTAL,NOT SPECIFIED, (D)
CENSUS,2007,YEAR,,COUNTY,OKLAHOMA,40,40,EAST CENTRAL,80,HUGHES,63,63,40063,,,,PEANUTS,"PEANUTS - PRODUCTION, MEASURED IN LB",TOTAL,NOT SPECIFIED, (D)
CENSUS,2007,YEAR,,COUNTY,OKLAHOMA,40,40,EAST CENTRAL,80,OKMULGEE,111,111,40111,,,,PEANUTS,"PEANUTS - PRODUCTION, MEASURED IN LB",TOTAL,NOT SPECIFIED, (D)
CENSUS,2007,YEAR,,COUNTY,OKLAHOMA,40,40,EAST CENTRAL,80,PITTSBURG,121,121,40121,,,,PEANUTS,"PEANUTS - PRODUCTION, MEASURED IN LB",TOTAL,NOT SPECIFIED,"530,400"
CENSUS,2007,YEAR,,COUNTY,OKLAHOMA,40,40,NORTH CENTRAL,40,MAJOR,93,93,40093,,,,PEANUTS,"PEANUTS - PRODUCTION, MEASURED IN LB",TOTAL,NOT SPECIFIED,"1,872,000"
CENSUS,2007,YEAR,,COUNTY,OKLAHOMA,40,40,NORTHEAST,70,WAGONER,145,145,40145,,,,PEANUTS,"PEANUTS - PRODUCTION, MEASURED IN LB",TOTAL,NOT SPECIFIED, (D)
CENSUS,2007,YEAR,,COUNTY,OKLAHOMA,40,40,NORTHEAST,70,WASHINGTON,147,147,40147,,,,PEANUTS,"PEANUTS - PRODUCTION, MEASURED IN LB",TOTAL,NOT SPECIFIED, (D)
CENSUS,2007,YEAR,,COUNTY,OKLAHOMA,40,40,SOUTH CENTRAL,60,BRYAN,13,13,40013,,,,PEANUTS,"PEANUTS - PRODUCTION, MEASURED IN LB",TOTAL,NOT SPECIFIED,"852,000"
CENSUS,2007,YEAR,,COUNTY,OKLAHOMA,40,40,SOUTH CENTRAL,60,GARVIN,49,49,40049,,,,PEANUTS,"PEANUTS - PRODUCTION, MEASURED IN LB",TOTAL,NOT SPECIFIED,"197,400"
CENSUS,2007,YEAR,,COUNTY,OKLAHOMA,40,40,SOUTH CENTRAL,60,LOVE,85,85,40085,,,,PEANUTS,"PEANUTS - PRODUCTION, MEASURED IN LB",TOTAL,NOT SPECIFIED,"1,467,750"
CENSUS,2007,YEAR,,COUNTY,OKLAHOMA,40,40,SOUTH CENTRAL,60,MARSHALL,95,95,40095,,,,PEANUTS,"PEANUTS - PRODUCTION, MEASURED IN LB",TOTAL,NOT SPECIFIED, (D)
CENSUS,2007,YEAR,,COUNTY,OKLAHOMA,40,40,SOUTHWEST,30,CADDO,15,15,40015,,,,PEANUTS,"PEANUTS - PRODUCTION, MEASURED IN LB",TOTAL,NOT SPECIFIED,"11,929,120"
CENSUS,2007,YEAR,,COUNTY,OKLAHOMA,40,40,SOUTHWEST,30,COMANCHE,31,31,40031,,,,PEANUTS,"PEANUTS - PRODUCTION, MEASURED IN LB",TOTAL,NOT SPECIFIED, (D)
CENSUS,2007,YEAR,,COUNTY,OKLAHOMA,40,40,SOUTHWEST,30,GREER,55,55,40055,,,,PEANUTS,"PEANUTS - PRODUCTION, MEASURED IN LB",TOTAL,NOT SPECIFIED,"3,015,487"
CENSUS,2007,YEAR,,COUNTY,OKLAHOMA,40,40,SOUTHWEST,30,HARMON,57,57,40057,,,,PEANUTS,"PEANUTS - PRODUCTION, MEASURED IN LB",TOTAL,NOT SPECIFIED,"6,227,916"
CENSUS,2007,YEAR,,COUNTY,OKLAHOMA,40,40,SOUTHWEST,30,JACKSON,65,65,40065,,,,PEANUTS,"PEANUTS - PRODUCTION, MEASURED IN LB",TOTAL,NOT SPECIFIED,"721,400"
CENSUS,2007,YEAR,,COUNTY,OKLAHOMA,40,40,SOUTHWEST,30,KIOWA,75,75,40075,,,,PEANUTS,"PEANUTS - PRODUCTION, MEASURED IN LB",TOTAL,NOT SPECIFIED, (D)
CENSUS,2007,YEAR,,COUNTY,OKLAHOMA,40,40,SOUTHWEST,30,TILLMAN,141,141,40141,,,,PEANUTS,"PEANUTS - PRODUCTION, MEASURED IN LB",TOTAL,NOT SPECIFIED,"4,404,098"
CENSUS,2007,YEAR,,COUNTY,OKLAHOMA,40,40,WEST CENTRAL,20,BECKHAM,9,9,40009,,,,PEANUTS,"PEANUTS - PRODUCTION, MEASURED IN LB",TOTAL,NOT SPECIFIED,"11,339,824"
CENSUS,2007,YEAR,,COUNTY,OKLAHOMA,40,40,WEST CENTRAL,20,BLAINE,11,11,40011,,,,PEANUTS,"PEANUTS - PRODUCTION, MEASURED IN LB",TOTAL,NOT SPECIFIED,"3,664,200"
CENSUS,2007,YEAR,,COUNTY,OKLAHOMA,40,40,WEST CENTRAL,20,CUSTER,39,39,40039,,,,PEANUTS,"PEANUTS - PRODUCTION, MEASURED IN LB",TOTAL,NOT SPECIFIED,"2,324,000"
CENSUS,2007,YEAR,,COUNTY,OKLAHOMA,40,40,WEST CENTRAL,20,WASHITA,149,149,40149,,,,PEANUTS,"PEANUTS - PRODUCTION, MEASURED IN LB",TOTAL,NOT SPECIFIED,"2,488,600"
CENSUS,2007,YEAR,,COUNTY,SOUTH CAROLINA,45,45,CENTRAL,50,CALHOUN,17,17,45017,,,,PEANUTS,"PEANUTS - PRODUCTION, MEASURED IN LB",TOTAL,NOT SPECIFIED,"35,632,012"
CENSUS,2007,YEAR,,COUNTY,SOUTH CAROLINA,45,45,CENTRAL,50,CLARENDON,27,27,45027,,,,PEANUTS,"PEANUTS - PRODUCTION, MEASURED IN LB",TOTAL,NOT SPECIFIED,"2,146,780"
CENSUS,2007,YEAR,,COUNTY,SOUTH CAROLINA,45,45,CENTRAL,50,LEE,61,61,45061,,,,PEANUTS,"PEANUTS - PRODUCTION, MEASURED IN LB",TOTAL,NOT SPECIFIED,"6,097,001"
CENSUS,2007,YEAR,,COUNTY,SOUTH CAROLINA,45,45,CENTRAL,50,LEXINGTON,63,63,45063,,,,PEANUTS,"PEANUTS - PRODUCTION, MEASURED IN LB",TOTAL,NOT SPECIFIED,"8,175,050"
CENSUS,2007,YEAR,,COUNTY,SOUTH CAROLINA,45,45,CENTRAL,50,ORANGEBURG,75,75,45075,,,,PEANUTS,"PEANUTS - PRODUCTION, MEASURED IN LB",TOTAL,NOT SPECIFIED,"41,298,161"
CENSUS,2007,YEAR,,COUNTY,SOUTH CAROLINA,45,45,CENTRAL,50,SUMTER,85,85,45085,,,,PEANUTS,"PEANUTS - PRODUCTION, MEASURED IN LB",TOTAL,NOT SPECIFIED,"3,308,320"
CENSUS,2007,YEAR,,COUNTY,SOUTH CAROLINA,45,45,EASTERN,30,DARLINGTON,31,31,45031,,,,PEANUTS,"PEANUTS - PRODUCTION, MEASURED IN LB",TOTAL,NOT SPECIFIED,"6,738,562"
CENSUS,2007,YEAR,,COUNTY,SOUTH CAROLINA,45,45,EASTERN,30,DILLON,33,33,45033,,,,PEANUTS,"PEANUTS - PRODUCTION, MEASURED IN LB",TOTAL,NOT SPECIFIED, (D)
CENSUS,2007,YEAR,,COUNTY,SOUTH CAROLINA,45,45,EASTERN,30,FLORENCE,41,41,45041,,,,PEANUTS,"PEANUTS - PRODUCTION, MEASURED IN LB",TOTAL,NOT SPECIFIED,"4,076,686"
CENSUS,2007,YEAR,,COUNTY,SOUTH CAROLINA,45,45,EASTERN,30,GEORGETOWN,43,43,45043,,,,PEANUTS,"PEANUTS - PRODUCTION, MEASURED IN LB",TOTAL,NOT SPECIFIED,"1,460,083"
CENSUS,2007,YEAR,,COUNTY,SOUTH CAROLINA,45,45,EASTERN,30,HORRY,51,51,45051,,,,PEANUTS,"PEANUTS - PRODUCTION, MEASURED IN LB",TOTAL,NOT SPECIFIED, (D)
CENSUS,2007,YEAR,,COUNTY,SOUTH CAROLINA,45,45,EASTERN,30,MARION,67,67,45067,,,,PEANUTS,"PEANUTS - PRODUCTION, MEASURED IN LB",TOTAL,NOT SPECIFIED,"3,484,841"
CENSUS,2007,YEAR,,COUNTY,SOUTH CAROLINA,45,45,EASTERN,30,MARLBORO,69,69,45069,,,,PEANUTS,"PEANUTS - PRODUCTION, MEASURED IN LB",TOTAL,NOT SPECIFIED,"2,971,375"
CENSUS,2007,YEAR,,COUNTY,SOUTH CAROLINA,45,45,EASTERN,30,WILLIAMSBURG,89,89,45089,,,,PEANUTS,"PEANUTS - PRODUCTION, MEASURED IN LB",TOTAL,NOT SPECIFIED,"7,074,506"
CENSUS,2007,YEAR,,COUNTY,SOUTH CAROLINA,45,45,NORTH CENTRAL,20,KERSHAW,55,55,45055,,,,PEANUTS,"PEANUTS - PRODUCTION, MEASURED IN LB",TOTAL,NOT SPECIFIED, (D)
CENSUS,2007,YEAR,,COUNTY,SOUTH CAROLINA,45,45,NORTHWEST,10,LAURENS,59,59,45059,,,,PEANUTS,"PEANUTS - PRODUCTION, MEASURED IN LB",TOTAL,NOT SPECIFIED, (D)
CENSUS,2007,YEAR,,COUNTY,SOUTH CAROLINA,45,45,SOUTHERN,80,ALLENDALE,5,5,45005,,,,PEANUTS,"PEANUTS - PRODUCTION, MEASURED IN LB",TOTAL,NOT SPECIFIED,"8,255,509"
CENSUS,2007,YEAR,,COUNTY,SOUTH CAROLINA,45,45,SOUTHERN,80,BAMBERG,9,9,45009,,,,PEANUTS,"PEANUTS - PRODUCTION, MEASURED IN LB",TOTAL,NOT SPECIFIED,"9,158,843"
CENSUS,2007,YEAR,,COUNTY,SOUTH CAROLINA,45,45,SOUTHERN,80,BARNWELL,11,11,45011,,,,PEANUTS,"PEANUTS - PRODUCTION, MEASURED IN LB",TOTAL,NOT SPECIFIED,"8,444,882"
CENSUS,2007,YEAR,,COUNTY,SOUTH CAROLINA,45,45,SOUTHERN,80,CHARLESTON,19,19,45019,,,,PEANUTS,"PEANUTS - PRODUCTION, MEASURED IN LB",TOTAL,NOT SPECIFIED, (D)
CENSUS,2007,YEAR,,COUNTY,SOUTH CAROLINA,45,45,SOUTHERN,80,COLLETON,29,29,45029,,,,PEANUTS,"PEANUTS - PRODUCTION, MEASURED IN LB",TOTAL,NOT SPECIFIED,"2,141,900"
CENSUS,2007,YEAR,,COUNTY,SOUTH CAROLINA,45,45,SOUTHERN,80,DORCHESTER,35,35,45035,,,,PEANUTS,"PEANUTS - PRODUCTION, MEASURED IN LB",TOTAL,NOT SPECIFIED,"10,229,846"
CENSUS,2007,YEAR,,COUNTY,SOUTH CAROLINA,45,45,SOUTHERN,80,HAMPTON,49,49,45049,,,,PEANUTS,"PEANUTS - PRODUCTION, MEASURED IN LB",TOTAL,NOT SPECIFIED,"13,105,752"
CENSUS,2007,YEAR,,COUNTY,SOUTH CAROLINA,45,45,WEST CENTRAL,40,AIKEN,3,3,45003,,,,PEANUTS,"PEANUTS - PRODUCTION, MEASURED IN LB",TOTAL,NOT SPECIFIED, (D)
CENSUS,2007,YEAR,,COUNTY,SOUTH CAROLINA,45,45,WEST CENTRAL,40,NEWBERRY,71,71,45071,,,,PEANUTS,"PEANUTS - PRODUCTION, MEASURED IN LB",TOTAL,NOT SPECIFIED, (D)
CENSUS,2007,YEAR,,COUNTY,SOUTH CAROLINA,45,45,WEST CENTRAL,40,SALUDA,81,81,45081,,,,PEANUTS,"PEANUTS - PRODUCTION, MEASURED IN LB",TOTAL,NOT SPECIFIED,750
CENSUS,2007,YEAR,,COUNTY,TENNESSEE,47,47,WESTERN RIM,30,LAWRENCE,99,99,47099,,,,PEANUTS,"PEANUTS - PRODUCTION, MEASURED IN LB",TOTAL,NOT SPECIFIED,"14,610"
CENSUS,2007,YEAR,,COUNTY,TEXAS,48,48,BLACKLANDS,40,BELL,27,27,48027,,,,PEANUTS,"PEANUTS - PRODUCTION, MEASURED IN LB",TOTAL,NOT SPECIFIED,"18,000"
CENSUS,2007,YEAR,,COUNTY,TEXAS,48,48,BLACKLANDS,40,CORYELL,99,99,48099,,,,PEANUTS,"PEANUTS - PRODUCTION, MEASURED IN LB",TOTAL,NOT SPECIFIED,"342,267"
CENSUS,2007,YEAR,,COUNTY,TEXAS,48,48,BLACKLANDS,40,FALLS,145,145,48145,,,,PEANUTS,"PEANUTS - PRODUCTION, MEASURED IN LB",TOTAL,NOT SPECIFIED, (D)
CENSUS,2007,YEAR,,COUNTY,TEXAS,48,48,BLACKLANDS,40,GRAYSON,181,181,48181,,,,PEANUTS,"PEANUTS - PRODUCTION, MEASURED IN LB",TOTAL,NOT SPECIFIED, (D)
CENSUS,2007,YEAR,,COUNTY,TEXAS,48,48,BLACKLANDS,40,HILL,217,217,48217,,,,PEANUTS,"PEANUTS - PRODUCTION, MEASURED IN LB",TOTAL,NOT SPECIFIED, (D)
CENSUS,2007,YEAR,,COUNTY,TEXAS,48,48,BLACKLANDS,40,HUNT,231,231,48231,,,,PEANUTS,"PEANUTS - PRODUCTION, MEASURED IN LB",TOTAL,NOT SPECIFIED, (D)
CENSUS,2007,YEAR,,COUNTY,TEXAS,48,48,BLACKLANDS,40,WILLIAMSON,491,491,48491,,,,PEANUTS,"PEANUTS - PRODUCTION, MEASURED IN LB",TOTAL,NOT SPECIFIED, (D)
CENSUS,2007,YEAR,,COUNTY,TEXAS,48,48,CROSS TIMBERS,30,BROWN,49,49,48049,,,,PEANUTS,"PEANUTS - PRODUCTION, MEASURED IN LB",TOTAL,NOT SPECIFIED,"172,213"
CENSUS,2007,YEAR,,COUNTY,TEXAS,48,48,CROSS TIMBERS,30,COMANCHE,93,93,48093,,,,PEANUTS,"PEANUTS - PRODUCTION, MEASURED IN LB",TOTAL,NOT SPECIFIED,"2,510,655"
CENSUS,2007,YEAR,,COUNTY,TEXAS,48,48,CROSS TIMBERS,30,EASTLAND,133,133,48133,,,,PEANUTS,"PEANUTS - PRODUCTION, MEASURED IN LB",TOTAL,NOT SPECIFIED, (D)
CENSUS,2007,YEAR,,COUNTY,TEXAS,48,48,CROSS TIMBERS,30,ERATH,143,143,48143,,,,PEANUTS,"PEANUTS - PRODUCTION, MEASURED IN LB",TOTAL,NOT SPECIFIED, (D)
CENSUS,2007,YEAR,,COUNTY,TEXAS,48,48,CROSS TIMBERS,30,HOOD,221,221,48221,,,,PEANUTS,"PEANUTS - PRODUCTION, MEASURED IN LB",TOTAL,NOT SPECIFIED, (D)
CENSUS,2007,YEAR,,COUNTY,TEXAS,48,48,CROSS TIMBERS,30,PALO PINTO,363,363,48363,,,,PEANUTS,"PEANUTS - PRODUCTION, MEASURED IN LB",TOTAL,NOT SPECIFIED, (D)
CENSUS,2007,YEAR,,COUNTY,TEXAS,48,48,CROSS TIMBERS,30,PARKER,367,367,48367,,,,PEANUTS,"PEANUTS - PRODUCTION, MEASURED IN LB",TOTAL,NOT SPECIFIED, (D)
CENSUS,2007,YEAR,,COUNTY,TEXAS,48,48,CROSS TIMBERS,30,THROCKMORTON,447,447,48447,,,,PEANUTS,"PEANUTS - PRODUCTION, MEASURED IN LB",TOTAL,NOT SPECIFIED, (D)
CENSUS,2007,YEAR,,COUNTY,TEXAS,48,48,EAST TEXAS NORTH,51,FRANKLIN,159,159,48159,,,,PEANUTS,"PEANUTS - PRODUCTION, MEASURED IN LB",TOTAL,NOT SPECIFIED, (D)
CENSUS,2007,YEAR,,COUNTY,TEXAS,48,48,EAST TEXAS NORTH,51,HOUSTON,225,225,48225,,,,PEANUTS,"PEANUTS - PRODUCTION, MEASURED IN LB",TOTAL,NOT SPECIFIED, (D)
CENSUS,2007,YEAR,,COUNTY,TEXAS,48,48,EAST TEXAS NORTH,51,VAN ZANDT,467,467,48467,,,,PEANUTS,"PEANUTS - PRODUCTION, MEASURED IN LB",TOTAL,NOT SPECIFIED,"21,067"
CENSUS,2007,YEAR,,COUNTY,TEXAS,48,48,EAST TEXAS SOUTH,52,MADISON,313,313,48313,,,,PEANUTS,"PEANUTS - PRODUCTION, MEASURED IN LB",TOTAL,NOT SPECIFIED, (D)
CENSUS,2007,YEAR,,COUNTY,TEXAS,48,48,NORTHERN HIGH PLAINS,11,ARMSTRONG,11,11,48011,,,,PEANUTS,"PEANUTS - PRODUCTION, MEASURED IN LB",TOTAL,NOT SPECIFIED, (D)
CENSUS,2007,YEAR,,COUNTY,TEXAS,48,48,NORTHERN HIGH PLAINS,11,GRAY,179,179,48179,,,,PEANUTS,"PEANUTS - PRODUCTION, MEASURED IN LB",TOTAL,NOT SPECIFIED, (D)
CENSUS,2007,YEAR,,COUNTY,TEXAS,48,48,NORTHERN HIGH PLAINS,11,HARTLEY,205,205,48205,,,,PEANUTS,"PEANUTS - PRODUCTION, MEASURED IN LB",TOTAL,NOT SPECIFIED, (D)
CENSUS,2007,YEAR,,COUNTY,TEXAS,48,48,NORTHERN HIGH PLAINS,11,PARMER,369,369,48369,,,,PEANUTS,"PEANUTS - PRODUCTION, MEASURED IN LB",TOTAL,NOT SPECIFIED,"1,522,486"
CENSUS,2007,YEAR,,COUNTY,TEXAS,48,48,NORTHERN LOW PLAINS,21,CHILDRESS,75,75,48075,,,,PEANUTS,"PEANUTS - PRODUCTION, MEASURED IN LB",TOTAL,NOT SPECIFIED,"2,267,041"
CENSUS,2007,YEAR,,COUNTY,TEXAS,48,48,NORTHERN LOW PLAINS,21,COLLINGSWORTH,87,87,48087,,,,PEANUTS,"PEANUTS - PRODUCTION, MEASURED IN LB",TOTAL,NOT SPECIFIED,"52,708,561"
CENSUS,2007,YEAR,,COUNTY,TEXAS,48,48,NORTHERN LOW PLAINS,21,DICKENS,125,125,48125,,,,PEANUTS,"PEANUTS - PRODUCTION, MEASURED IN LB",TOTAL,NOT SPECIFIED, (D)
CENSUS,2007,YEAR,,COUNTY,TEXAS,48,48,NORTHERN LOW PLAINS,21,DONLEY,129,129,48129,,,,PEANUTS,"PEANUTS - PRODUCTION, MEASURED IN LB",TOTAL,NOT SPECIFIED,"18,670,321"
CENSUS,2007,YEAR,,COUNTY,TEXAS,48,48,NORTHERN LOW PLAINS,21,GARZA,169,169,48169,,,,PEANUTS,"PEANUTS - PRODUCTION, MEASURED IN LB",TOTAL,NOT SPECIFIED, (D)
CENSUS,2007,YEAR,,COUNTY,TEXAS,48,48,NORTHERN LOW PLAINS,21,HALL,191,191,48191,,,,PEANUTS,"PEANUTS - PRODUCTION, MEASURED IN LB",TOTAL,NOT SPECIFIED,"4,704,000"
CENSUS,2007,YEAR,,COUNTY,TEXAS,48,48,NORTHERN LOW PLAINS,21,KING,269,269,48269,,,,PEANUTS,"PEANUTS - PRODUCTION, MEASURED IN LB",TOTAL,NOT SPECIFIED, (D)
CENSUS,2007,YEAR,,COUNTY,TEXAS,48,48,NORTHERN LOW PLAINS,21,MOTLEY,345,345,48345,,,,PEANUTS,"PEANUTS - PRODUCTION, MEASURED IN LB",TOTAL,NOT SPECIFIED, (D)
CENSUS,2007,YEAR,,COUNTY,TEXAS,48,48,NORTHERN LOW PLAINS,21,WHEELER,483,483,48483,,,,PEANUTS,"PEANUTS - PRODUCTION, MEASURED IN LB",TOTAL,NOT SPECIFIED,"5,219,843"
CENSUS,2007,YEAR,,COUNTY,TEXAS,48,48,NORTHERN LOW PLAINS,21,WICHITA,485,485,48485,,,,PEANUTS,"PEANUTS - PRODUCTION, MEASURED IN LB",TOTAL,NOT SPECIFIED, (D)
CENSUS,2007,YEAR,,COUNTY,TEXAS,48,48,NORTHERN LOW PLAINS,21,WILBARGER,487,487,48487,,,,PEANUTS,"PEANUTS - PRODUCTION, MEASURED IN LB",TOTAL,NOT SPECIFIED,"8,675,000"
CENSUS,2007,YEAR,,COUNTY,TEXAS,48,48,SOUTH CENTRAL,81,BEXAR,29,29,48029,,,,PEANUTS,"PEANUTS - PRODUCTION, MEASURED IN LB",TOTAL,NOT SPECIFIED,"4,000"
CENSUS,2007,YEAR,,COUNTY,TEXAS,48,48,SOUTH CENTRAL,81,DE WITT,123,123,48123,,,,PEANUTS,"PEANUTS - PRODUCTION, MEASURED IN LB",TOTAL,NOT SPECIFIED, (D)
CENSUS,2007,YEAR,,COUNTY,TEXAS,48,48,SOUTH CENTRAL,81,GUADALUPE,187,187,48187,,,,PEANUTS,"PEANUTS - PRODUCTION, MEASURED IN LB",TOTAL,NOT SPECIFIED,"17,500"
CENSUS,2007,YEAR,,COUNTY,TEXAS,48,48,SOUTH CENTRAL,81,LAVACA,285,285,48285,,,,PEANUTS,"PEANUTS - PRODUCTION, MEASURED IN LB",TOTAL,NOT SPECIFIED, (D)
CENSUS,2007,YEAR,,COUNTY,TEXAS,48,48,SOUTH CENTRAL,81,MEDINA,325,325,48325,,,,PEANUTS,"PEANUTS - PRODUCTION, MEASURED IN LB",TOTAL,NOT SPECIFIED,"1,903,566"
CENSUS,2007,YEAR,,COUNTY,TEXAS,48,48,SOUTH CENTRAL,81,WILSON,493,493,48493,,,,PEANUTS,"PEANUTS - PRODUCTION, MEASURED IN LB",TOTAL,NOT SPECIFIED,"1,798,700"
CENSUS,2007,YEAR,,COUNTY,TEXAS,48,48,SOUTH TEXAS,96,ATASCOSA,13,13,48013,,,,PEANUTS,"PEANUTS - PRODUCTION, MEASURED IN LB",TOTAL,NOT SPECIFIED,"17,265,179"
CENSUS,2007,YEAR,,COUNTY,TEXAS,48,48,SOUTH TEXAS,96,DUVAL,131,131,48131,,,,PEANUTS,"PEANUTS - PRODUCTION, MEASURED IN LB",TOTAL,NOT SPECIFIED, (D)
CENSUS,2007,YEAR,,COUNTY,TEXAS,48,48,SOUTH TEXAS,96,FRIO,163,163,48163,,,,PEANUTS,"PEANUTS - PRODUCTION, MEASURED IN LB",TOTAL,NOT SPECIFIED,"41,682,965"
CENSUS,2007,YEAR,,COUNTY,TEXAS,48,48,SOUTH TEXAS,96,LA SALLE,283,283,48283,,,,PEANUTS,"PEANUTS - PRODUCTION, MEASURED IN LB",TOTAL,NOT SPECIFIED, (D)
CENSUS,2007,YEAR,,COUNTY,TEXAS,48,48,SOUTH TEXAS,96,MAVERICK,323,323,48323,,,,PEANUTS,"PEANUTS - PRODUCTION, MEASURED IN LB",TOTAL,NOT SPECIFIED, (D)
CENSUS,2007,YEAR,,COUNTY,TEXAS,48,48,SOUTHERN HIGH PLAINS,12,ANDREWS,3,3,48003,,,,PEANUTS,"PEANUTS - PRODUCTION, MEASURED IN LB",TOTAL,NOT SPECIFIED,"9,160,000"
CENSUS,2007,YEAR,,COUNTY,TEXAS,48,48,SOUTHERN HIGH PLAINS,12,BAILEY,17,17,48017,,,,PEANUTS,"PEANUTS - PRODUCTION, MEASURED IN LB",TOTAL,NOT SPECIFIED,"10,337,444"
CENSUS,2007,YEAR,,COUNTY,TEXAS,48,48,SOUTHERN HIGH PLAINS,12,COCHRAN,79,79,48079,,,,PEANUTS,"PEANUTS - PRODUCTION, MEASURED IN LB",TOTAL,NOT SPECIFIED,"33,274,443"
CENSUS,2007,YEAR,,COUNTY,TEXAS,48,48,SOUTHERN HIGH PLAINS,12,CROSBY,107,107,48107,,,,PEANUTS,"PEANUTS - PRODUCTION, MEASURED IN LB",TOTAL,NOT SPECIFIED, (D)
CENSUS,2007,YEAR,,COUNTY,TEXAS,48,48,SOUTHERN HIGH PLAINS,12,DAWSON,115,115,48115,,,,PEANUTS,"PEANUTS - PRODUCTION, MEASURED IN LB",TOTAL,NOT SPECIFIED,"18,766,611"
CENSUS,2007,YEAR,,COUNTY,TEXAS,48,48,SOUTHERN HIGH PLAINS,12,GAINES,165,165,48165,,,,PEANUTS,"PEANUTS - PRODUCTION, MEASURED IN LB",TOTAL,NOT SPECIFIED,"228,879,533"
CENSUS,2007,YEAR,,COUNTY,TEXAS,48,48,SOUTHERN HIGH PLAINS,12,HOCKLEY,219,219,48219,,,,PEANUTS,"PEANUTS - PRODUCTION, MEASURED IN LB",TOTAL,NOT SPECIFIED,"10,776,950"
CENSUS,2007,YEAR,,COUNTY,TEXAS,48,48,SOUTHERN HIGH PLAINS,12,LAMB,279,279,48279,,,,PEANUTS,"PEANUTS - PRODUCTION, MEASURED IN LB",TOTAL,NOT SPECIFIED,"13,532,678"
CENSUS,2007,YEAR,,COUNTY,TEXAS,48,48,SOUTHERN HIGH PLAINS,12,LUBBOCK,303,303,48303,,,,PEANUTS,"PEANUTS - PRODUCTION, MEASURED IN LB",TOTAL,NOT SPECIFIED, (D)
CENSUS,2007,YEAR,,COUNTY,TEXAS,48,48,SOUTHERN HIGH PLAINS,12,LYNN,305,305,48305,,,,PEANUTS,"PEANUTS - PRODUCTION, MEASURED IN LB",TOTAL,NOT SPECIFIED, (D)
CENSUS,2007,YEAR,,COUNTY,TEXAS,48,48,SOUTHERN HIGH PLAINS,12,MIDLAND,329,329,48329,,,,PEANUTS,"PEANUTS - PRODUCTION, MEASURED IN LB",TOTAL,NOT SPECIFIED, (D)
CENSUS,2007,YEAR,,COUNTY,TEXAS,48,48,SOUTHERN HIGH PLAINS,12,TERRY,445,445,48445,,,,PEANUTS,"PEANUTS - PRODUCTION, MEASURED IN LB",TOTAL,NOT SPECIFIED,"66,279,675"
CENSUS,2007,YEAR,,COUNTY,TEXAS,48,48,SOUTHERN HIGH PLAINS,12,YOAKUM,501,501,48501,,,,PEANUTS,"PEANUTS - PRODUCTION, MEASURED IN LB",TOTAL,NOT SPECIFIED,"103,084,147"
CENSUS,2007,YEAR,,COUNTY,TEXAS,48,48,SOUTHERN LOW PLAINS,22,BAYLOR,23,23,48023,,,,PEANUTS,"PEANUTS - PRODUCTION, MEASURED IN LB",TOTAL,NOT SPECIFIED, (D)
CENSUS,2007,YEAR,,COUNTY,TEXAS,48,48,SOUTHERN LOW PLAINS,22,HASKELL,207,207,48207,,,,PEANUTS,"PEANUTS - PRODUCTION, MEASURED IN LB",TOTAL,NOT SPECIFIED,"24,203,914"
CENSUS,2007,YEAR,,COUNTY,TEXAS,48,48,SOUTHERN LOW PLAINS,22,KNOX,275,275,48275,,,,PEANUTS,"PEANUTS - PRODUCTION, MEASURED IN LB",TOTAL,NOT SPECIFIED, (D)
CENSUS,2007,YEAR,,COUNTY,TEXAS,48,48,SOUTHERN LOW PLAINS,22,STONEWALL,433,433,48433,,,,PEANUTS,"PEANUTS - PRODUCTION, MEASURED IN LB",TOTAL,NOT SPECIFIED, (D)
CENSUS,2007,YEAR,,COUNTY,TEXAS,48,48,TRANS-PECOS,60,BREWSTER,43,43,48043,,,,PEANUTS,"PEANUTS - PRODUCTION, MEASURED IN LB",TOTAL,NOT SPECIFIED, (D)
CENSUS,2007,YEAR,,COUNTY,TEXAS,48,48,TRANS-PECOS,60,ECTOR,135,135,48135,,,,PEANUTS,"PEANUTS - PRODUCTION, MEASURED IN LB",TOTAL,NOT SPECIFIED, (D)
CENSUS,2007,YEAR,,COUNTY,TEXAS,48,48,TRANS-PECOS,60,EL PASO,141,141,48141,,,,PEANUTS,"PEANUTS - PRODUCTION, MEASURED IN LB",TOTAL,NOT SPECIFIED,"5,400"
CENSUS,2007,YEAR,,COUNTY,TEXAS,48,48,TRANS-PECOS,60,PECOS,371,371,48371,,,,PEANUTS,"PEANUTS - PRODUCTION, MEASURED IN LB",TOTAL,NOT SPECIFIED, (D)
CENSUS,2007,YEAR,,COUNTY,TEXAS,48,48,TRANS-PECOS,60,REEVES,389,389,48389,,,,PEANUTS,"PEANUTS - PRODUCTION, MEASURED IN LB",TOTAL,NOT SPECIFIED, (D)
CENSUS,2007,YEAR,,COUNTY,TEXAS,48,48,TRANS-PECOS,60,WINKLER,495,495,48495,,,,PEANUTS,"PEANUTS - PRODUCTION, MEASURED IN LB",TOTAL,NOT SPECIFIED, (D)
CENSUS,2007,YEAR,,COUNTY,TEXAS,48,48,UPPER COAST,90,BRAZORIA,39,39,48039,,,,PEANUTS,"PEANUTS - PRODUCTION, MEASURED IN LB",TOTAL,NOT SPECIFIED, (D)
CENSUS,2007,YEAR,,COUNTY,TEXAS,48,48,UPPER COAST,90,HARRIS,201,201,48201,,,,PEANUTS,"PEANUTS - PRODUCTION, MEASURED IN LB",TOTAL,NOT SPECIFIED, (D)
CENSUS,2007,YEAR,,COUNTY,VIRGINIA,51,51,SOUTHEASTERN,90,DINWIDDIE,53,53,51053,,,,PEANUTS,"PEANUTS - PRODUCTION, MEASURED IN LB",TOTAL,NOT SPECIFIED,"2,305,992"
CENSUS,2007,YEAR,,COUNTY,VIRGINIA,51,51,SOUTHEASTERN,90,GREENSVILLE,81,81,51081,,,,PEANUTS,"PEANUTS - PRODUCTION, MEASURED IN LB",TOTAL,NOT SPECIFIED,"4,563,205"
CENSUS,2007,YEAR,,COUNTY,VIRGINIA,51,51,SOUTHEASTERN,90,ISLE OF WIGHT,93,93,51093,,,,PEANUTS,"PEANUTS - PRODUCTION, MEASURED IN LB",TOTAL,NOT SPECIFIED,"5,725,184"
CENSUS,2007,YEAR,,COUNTY,VIRGINIA,51,51,SOUTHEASTERN,90,PRINCE GEORGE,149,149,51149,,,,PEANUTS,"PEANUTS - PRODUCTION, MEASURED IN LB",TOTAL,NOT SPECIFIED,"1,430,100"
CENSUS,2007,YEAR,,COUNTY,VIRGINIA,51,51,SOUTHEASTERN,90,SOUTHAMPTON,175,175,51175,,,,PEANUTS,"PEANUTS - PRODUCTION, MEASURED IN LB",TOTAL,NOT SPECIFIED,"15,490,364"
CENSUS,2007,YEAR,,COUNTY,VIRGINIA,51,51,SOUTHEASTERN,90,SUFFOLK CITY,800,800,51800,,,,PEANUTS,"PEANUTS - PRODUCTION, MEASURED IN LB",TOTAL,NOT SPECIFIED,"12,977,011"
CENSUS,2007,YEAR,,COUNTY,VIRGINIA,51,51,SOUTHEASTERN,90,SURRY,181,181,51181,,,,PEANUTS,"PEANUTS - PRODUCTION, MEASURED IN LB",TOTAL,NOT SPECIFIED,"4,805,663"
CENSUS,2007,YEAR,,COUNTY,VIRGINIA,51,51,SOUTHEASTERN,90,SUSSEX,183,183,51183,,,,PEANUTS,"PEANUTS - PRODUCTION, MEASURED IN LB",TOTAL,NOT SPECIFIED,"5,499,625"
